var,var_nuc,var_prot,var_prot_3,total_carriers_F,lqt2_F,resnum,nativeAA,mutAA,site
R328C,c.982C>T,R328C,p.Arg328Cys,1,0,328,R,C,Paris
R148W,c.442C>T,R148W,p.Arg148Trp,12,2,148,R,W,Paris
M124T,c.371T>C,M124T,p.Met124Thr,5,4,124,M,T,Paris
C44F,datamissing,C44F,p.Cys44Phe,5,2,44,C,F,Paris
A422T,c.1264G<A,A422T,p.Ala422Thr,1,1,422,A,T,Paris
M462Ins,c.1384-1401dup,M462Ins,"p.Met462,Ile467dup",11,4,462,M,Ins,Paris
P334L,c.1001C>T,P334L,p.Pro334Leu,3,2,334,P,L,Paris
Y493H,c.1477C>T,Y493H,p.Tyr493His,1,1,493,Y,H,Paris
R1033X,c.3098_3107del,R1033X,p.Arg1033Profs*21,2,1,1033,R,X,Paris
R366X,c.1096C>T,R366X,p.Arg366*,4,2,366,R,X,Paris
R582L,c.1745G>T,R582L,p.Arg582Leu,1,0,582,R,L,Paris
E58K,c.172G>A,E58K,p.Glu58Lys,4,3,58,E,K,Paris
R151X,c.453-453insC,R151X,p.Arg151fsx331,1,1,151,R,X,Paris
G806R,c.2416G>A,G806R,p.Gly806Arg,1,1,806,G,R,Paris
N45K,c.135C>A,N45K,p.Asn45Lys,2,1,45,N,K,Paris
T613M,c.1838C>T,T613M,p.Thr613Met,9,6,613,T,M,Paris
R823Q,c.2468G>A,R823Q,p.Arg823Gln,2,1,823,R,Q,Paris
G648A,c.1943G>C,G648A,p.Gly648Ala,1,1,648,G,A,Paris
I593T,c.1778T>C,I593T,p.Ile593Thr,4,3,593,I,T,Paris
F463L,c.1389C>G,F463L,p.Phe463Leu,5,5,463,F,L,Paris
M124R,c.371T>G,M124R,p.Met124Arg,1,1,124,M,R,Paris
H1153P,c.3458A>C,H1153P,p.His1153Pro,1,1,1153,H,P,Paris
c.473-1G>T,c.473-1G>T,NA,NA,4,1,NA,NA,NA,Paris
W705X,c.2115del,W705X,p.Trp705Cysfs*9,4,0,705,W,X,Paris
R1014X,c.3040C>T,R1014X,p.Arg1014X,9,6,1014,R,X,Paris
W927X,c.2780G>A,W927X,p.Trp927X,2,2,927,W,X,Paris
T337X,c.1008insT,T337X,p.Thr337fs*354,8,3,337,T,X,Paris
V1038X,c.3113DelIns15,V1038X,p.Val1038Glyfs*24,5,5,1038,V,X,Paris
I19F,c.55A>T,I19F,p.Ile19Phe,1,1,19,I,F,Paris
T152X,c.453delC,T152X,p.Thr152Profs*14,6,3,152,T,X,Paris
P596T,c.982C>T,P596T,p.Pro596Thr,1,1,596,P,T,Paris
S660L,c.1979C>T,S660L,p.Ser660Leu,2,0,660,S,L,Paris
S783P,c.2347T>C,S783P,p.Ser783Pro,3,2,783,S,P,Paris
S239P,c.715C>T,S239P,p.Ser239Pro,3,2,239,S,P,Paris
R885X,c.2653-2663del,R885X,p.Arg885Valfs*31,1,1,885,R,X,Paris
I642V,c.1924A>G,I642V,p.Ile642Val,2,1,642,I,V,Paris
L717P,c.2150T>C,L717P,p.Leu717Pro,2,1,717,L,P,Paris
L602X,c.1799_1802Dup,L602X,p.Leu602Argfs*54,3,1,602,L,X,Paris
D501N,c.1501G>A,D501N,p.Asp501Asn,8,5,501,D,N,Paris
N633S,c.1898A>G,N633S,p.Asn633Ser,8,6,633,N,S,Paris
D1037X,c.3107insG,D1037X,p.Asp1037fs*1118,4,1,1037,D,X,Paris
D609N,c.1825G>A,D609N,p.Asp609Asn,5,4,609,D,N,Paris
R148Y,datamissing,R148Y,p.Arg148Tyr,2,0,148,R,Y,Paris
P386X,c.1157delC,P386X,p.Pro386Leufs*48,2,2,386,P,X,Paris
c.2146-2A>G,c.2146-2A>G,NA,NA,2,1,NA,NA,NA,Paris
W568C,c.1704G>C,W568C,p.Trp568Cys,3,3,568,W,C,Paris
G604S,c.1810G>A,G604S,p.Gly604Ser,9,8,604,G,S,Paris
A561V,c.1682C>T,A561V,p.Ala561Val,2,2,561,A,V,Paris
R1032X,c.3096-3112..del,R1032X,p.Arg1032fs*1056,2,2,1032,R,X,Paris
T13N,c.38C>A,T13N,p.Thr13Asn,4,1,13,T,N,Paris
P157X,c.469-473insGCCC,P157X,p.Pro157fs*332,2,1,157,P,X,Paris
P347S,c.1039C>T,P347S,p.Pro347Ser,2,1,347,P,S,Paris
R744P,c.2231G<C,R744P,p.Arg744Pro,4,1,744,R,P,Paris
R883X,c.2647_2659del,R883X,p.Arg883Alafs*87,4,0,883,R,X,Paris
R582C,c.1744C>T,R582C,p.Arg582Cys,4,2,582,R,C,Paris
R100G,c.298C>G,R100G,p.Arg100Gly,1,0,100,R,G,Paris
A561T,c.1681G>A,A561T,p.Ala561Thr,9,7,561,A,T,Paris
G572S,c.1714G>A,G572S,p.Gly572Ser,3,3,572,G,S,Paris
P605L,c.1814C>T,P605L,p.Pro605Leu,1,1,605,P,L,Paris
M645I,c.1935G>C,M645I,p.Met645Ile,1,1,645,M,I,Paris
G601S,c.1801G>A,G601S,p.Gly601Ser,2,1,601,G,S,Paris
S351L,c.1052C>T,S351L,p.Ser351Leu,1,0,351,S,L,Paris
Q75X,c.223C>T,Q75X,p.Gln75X,1,1,75,Q,X,Paris
W1001X,c.3002G>A,W1001X,p.Trp1001X,1,0,1001,W,X,Paris
Y475C,c.1424A>G,Y475C,p.Tyr475Cys,1,1,475,Y,C,Paris
Y597H,c.1789T>C,Y597H,p.Tyr597His,1,1,597,Y,H,Paris
T634A,c.1900A>G,T634A,p.Thr634Ala,2,2,634,T,A,Paris
W563X,c.1689G>A,W563X,p.Trp563stop,3,3,563,W,X,Paris
F129C,c.386T>G,F129C,p.Phe129Cys,2,2,129,F,C,Paris
I96T,c.287T>C,I96T,p.Ile96Thr,4,1,96,I,T,Paris
R176W,c.526T>C,R176W,p.Arg176Trp,1,1,176,R,W,Paris
S621N,c.1862G>A,S621N,p.Ser621Asn,3,3,621,S,N,Paris
E214X,c.640G>T,E214X,p.Glu214X,1,1,214,E,X,Paris
I464X,c.1390del,I464X,p.Ile464Leufs*57,3,2,464,I,X,Paris
S606F,c.1817C>T,S606F,p.Ser606Phe,2,1,606,S,F,Paris
M1T,c.2T>C,M1T,p.Met1Thr,3,0,1,M,T,Paris
L553V,c.1657C>G,L553V,p.Leu553Val,2,1,553,L,V,Paris
S981X,c.2942Gdel,S981X,p.Ser981fs*1056,1,1,981,S,X,Paris
D837N,c.2509G>A,D837N,p.Asp837Asn,10,4,837,D,N,Paris
S818L,c.2453C>T,S818L,p.Ser818Leu,2,1,818,S,L,Paris
Q11H,c.33G>C,Q11H,p.Gln11His,1,0,11,Q,H,Paris
R1035X,c.3103insC,R1035X,p.Arg1035Profs*84,3,2,1035,R,X,Paris
M645V,c.1933A>G,M645V,p.Met645Val,1,1,645,M,V,Paris
R863X,c.2587C>T,R863X,p.Arg863Ter,3,2,863,R,X,Paris
Y493C,c.1478A>G,Y493C,p.Tyr493Cys,1,1,493,Y,C,Paris
c.2592+1G>A,c.2592+1G>A,NA,NA,5,4,NA,NA,NA,Paris
P507S,c.1519C>T,P507S,p.Pro507Ser,2,1,507,P,S,Paris
Q664X,c.1990C>T,Q664X,p.Gln664X,3,1,664,Q,X,Paris
R823W,c.2467C>T,R823W,p.Arg823Trp,4,2,823,R,W,Paris
V822M,c.2464G>A,V822M,p.Val822Met,5,3,822,V,M,Paris
P114S,c.340C>T,P114S,p.Pro114Ser,10,5,114,P,S,Paris
P721L,c.2162C>T,P721L,p.Pro721Leu,2,2,721,P,L,Paris
c.2959C>T,c.2959C>T,NA,NA,1,1,NA,NA,NA,Paris
K93X,c.277A>T,K93X,p.Lys93ter,1,0,93,K,X,Paris
G584S,c.1750G>A,G584S,p.Gly584Ser,5,1,584,G,S,Paris
G669X,c.2006Gdel,G669X,p.Gly669fx877,2,1,669,G,X,Paris
L622F,c.1864C>T,L622F,p.Leu622Phe,4,3,622,L,F,Paris
R27X,c.81T,R27X,p.Arg27fsX59,2,2,27,R,X,Paris
G626S,c.1876G>A,G626S,p.Gly626Ser,1,1,626,G,S,Paris
K98R,c.278A>G,K98R,p.Lys98Arg,2,1,98,K,R,Paris
H1151X,c.3453_3454delCA,H1151X,p.His1151GlnfsX118,1,1,1151,H,X,Paris
H402R,c.1205A>G,H402R,p.His402Arg,2,2,402,H,R,Paris
E435X,c.1304delinsTCT,E435X,p.Glu435ValfsX2,2,2,435,E,X,Paris
P297S,c.889C>T,P297S,p.Pro297Ser,1,0,297,P,S,Paris
D102X,c.304delG,D102X,p.Asp102fs,1,1,102,D,X,Paris
P596S,c.1786C>T,P596S,p.Pro596Ser,1,1,596,P,S,Paris
S960N,c.2879G>A,S960N,p.Ser960Asn,1,0,960,S,N,Paris
P1084X,c.3251Cdel,P1084X,p.Pro1084Argfs*171,7,1,1084,P,X,Paris
Q1068X,c.3202C>T,Q1068X,p.Gln1068Ter,1,1,1068,Q,X,Paris
c.1129-1G>C,c.1129-1G>C,NA,NA,17,4,NA,NA,NA,Paris
C49R,c.145T>C,C49R,p.Cys49Arg,7,4,49,C,R,Paris
S284X,c.851C>A,S284X,p.Ser284*,4,2,284,S,X,Paris
P917L,c.2750C>T,P917L,p.Pro917Leu,2,0,917,P,L,Paris
D259X,c.774delC,D259X,p.Asp259Thrfs*101,1,1,259,D,X,Paris
C566S,c.1696T>A,C566S,p.Cys566Ser,6,1,566,C,S,Paris
S606Del,c.1816_1818del,S606Del,p.Ser606del,3,2,606,S,Del,Paris
C66Y,c.197G>A,C66Y,p.Cys66Tyr,2,2,66,C,Y,Paris
S207X,c.619del,S207X,p.Ser207Alafs*9,4,3,207,S,X,Paris
R893X,c.2675_2679del,R893X,p.Arg893Profs*26,1,1,893,R,X,Paris
I639F,c.1915A>T,I639F,p.Ile639Phe,2,2,639,I,F,Paris
P923X,c.2768del,P923X,p.Pro923Argfs*51,1,1,923,P,X,Paris
R531W,c.1591C>T,R531W,p.Arg531Trp,4,2,531,R,W,Paris
D286X,c.853_856dup,D286X,p.Asp286Glyfs*47,1,0,286,D,X,Paris
E134X,c.400del,E134X,p.Glu134Argfs*32,1,1,134,E,X,Paris
G628S,c.1882G>A,G628S,p.Gly628Ser,1,1,628,G,S,Paris
H771R,c.2312A>G,H771R,p.His771Arg,1,1,771,H,R,Paris
P926X,c.2775dup,P926X,p.Pro926Alafs*14,4,2,926,P,X,Paris
R582P,c.1745G>C,R582P,p.Arg582Pro,1,1,582,R,P,Paris
R534C,c.1600C>T,R534C,p.Arg534Cys,2,2,534,R,C,Paris
c.1946?-c.3330?,c.1946?-c.3330?,NA,NA,1,1,NA,NA,NA,Paris
R281X,c.842_846del,R281X,p.Arg281Leufs*99,2,2,281,R,X,Paris
E857X,c.2569G>T,E857X,p.Glu857*,1,0,857,E,X,Paris
G969X,c.2900_2903dup,G969X,p.Gly969Alafs*151,1,0,969,G,X,Paris
G965X,c.2892dup,G965X,p.Gly965fs*154,1,1,965,G,X,Paris
c.1129-1556,c.1129-1556,NA,NA,3,3,NA,NA,NA,Paris
L776P,c.2377T>C,L776P,p.Leu776Pro,2,2,776,L,P,Paris
c.473-2A>T,c.473-2A>T,NA,NA,1,1,NA,NA,NA,Paris
K638D,datamissing,K638D,p.Lys638Asp,1,1,638,K,D,Paris
A915X,c.2734_2738dup,A915X,p.Ala915Argfs*61,3,3,915,A,X,Paris
E900X,c.2694_2697dup,E900X,p.Glu900Hisfs*21,1,1,900,E,X,Paris
