var,var_nuc,var_prot,var_prot_3,total_carriers_I,lqt2_I,resnum,nativeAA,mutAA,site
c.1945+6T>C,c.1945+6T>C,NA,,1,1,NA,NA,NA,Italy
c.1946-1G>A,c.1946-1G>A,NA,,4,1,NA,NA,NA,Italy
c.2399-28A>G,c.2399-28A>G,NA,,11,10,NA,NA,NA,Italy
c.2400-3480Del,c.2400-3480del,NA,,3,3,NA,NA,NA,Italy
c.472+1G>C,c.472+1G>C,NA,,1,1,NA,NA,NA,Italy
A1116V,c.3347C>T,A1116V,p.Ala1116Val,9,3,1116,A,V,Italy
A190T,c.568G>A,A190T,p.Ala190Thr,1,1,190,A,T,Italy
A228X,c.678delG,A228X,p.Ala228 RfsX132,1,1,228,A,X,Italy
A268X,c.800_801insCGGGCTCCAGCTGCAGCCT,A268X,p.Ala268 GfsX70,1,1,268,A,X,Italy
A490P,c.1468G>C,A490P,p.Ala490Pro,5,5,490,A,P,Italy
A490T,c.1468G>A,A490T,p.Ala490Thr,3,3,490,A,T,Italy
A561V,c.1682C>T,A561V,p.Ala561Val,5,5,561,A,V,Italy
A614T,c.1840G>A,A614T,p.Ala614Thr,2,2,614,A,T,Italy
A614V,c.1841C>T,A614V,p.Ala614Val,2,2,614,A,V,Italy
A746X,c.2236delG,A746X,p.Ala746 PfsX11,3,2,746,A,X,Italy
A78P,c.232G>C,A78P,p.Ala78Pro,3,2,78,A,P,Italy
A79Del,c.232_237delGCTGCC,A79Del,p.Ala79 _A80del,1,1,79,A,Del,Italy
A79S,c.235G>T,A79S,p.Ala79Ser,3,1,79,A,S,Italy
A913V,c.2738C>T,A913V,p.Ala913Val,4,1,913,A,V,Italy
C64R,c.190T>C,C64R,p.Cys64Arg,1,1,64,C,R,Italy
D102V,c.305A>T,D102V,p.Asp102Val,4,2,102,D,V,Italy
D323E,c.969C>G,D323E,p.Asp323Glu,1,1,323,D,E,Italy
D342X,c.1025_1026insA,D342X,p.Asp342 EfsX14,1,1,342,D,X,Italy
D501Y,c.1501G>T,D501Y,p.Asp501Tyr,1,1,501,D,Y,Italy
D767X,c.2299delG,D767X,p.Asp767 TfsX43,2,2,767,D,X,Italy
D803X,c.2406dupT,D803X,p.Asp803Xaa,1,1,803,D,X,Italy
E274X,c.820_821delGA,E274X,p.Glu274 KfsX57,2,2,274,E,X,Italy
E50X,c.148G>T,E50X,p.Glu50Xaa,1,1,50,E,X,Italy
E58D,c.174G>C,E58D,p.Glu58Asp,1,1,58,E,D,Italy
E978X,c.2932G>T,E978X,p.Glu978Xaa,3,1,978,E,X,Italy
F22Y,c.65T>A,F22Y,p.Phe22Tyr,4,4,22,F,Y,Italy
F29S,c.86T>C,F29S,p.Phe29Ser,2,2,29,F,S,Italy
F29V,c.85T>G,F29V,p.Phe29Val,1,1,29,F,V,Italy
F617L,c.1849T>C,F617L,p.Phe617Leu,3,1,617,F,L,Italy
F805S,c.2414T>C,F805S,p.Phe805Ser,6,5,805,F,S,Italy
G1085X,c.3254_3255delGG,G1085X,p.Gly1085 AfsX33,11,9,1085,G,X,Italy
G262X,c.784delG,G262X,p.Gly262 AfsX98,6,3,262,G,X,Italy
G601S,c.1801G>A,G601S,p.Gly601Ser,3,1,601,G,S,Italy
G604S,c.1810G>A,G604S,p.Gly604Ser,5,5,604,G,S,Italy
G626A,c.1877G>C,G626A,p.Gly626Ala,2,2,626,G,A,Italy
G628S,c.1882G>A,G628S,p.Gly628Ser,1,1,628,G,S,Italy
G71E,c.212G>A,G71E,p.Gly71Glu,1,0,71,G,E,Italy
G71W,c.211G>T,G71W,p.Gly71Trp,1,1,71,G,W,Italy
G806R,c.2416G>C,G806R,p.Gly806Arg,2,2,806,G,R,Italy
G873X,c.2616delC,G873X,p.Gly873 AfsX5,4,3,873,G,X,Italy
G903R,c.2707G>A,G903R,p.Gly903Arg,2,0,903,G,R,Italy
I567T,c.1700T>C,I567T,p.Ile567Thr,1,0,567,I,T,Italy
I583V,c.1747A>G,I583V,p.Ile583Val,9,1,583,I,V,Italy
K638Del,c.1912_1914delAAG,K638Del,p.Lys638 del,10,6,638,K,Del,Italy
K638R,c.1913A>G,K638R,p.Lys638Arg,4,3,638,K,R,Italy
L1045F,c.3133C>T,L1045F,p.Leu1045Phe,1,1,1045,L,F,Italy
L109X,c.324delT,L109X,p.Leu109 WfsX7,12,10,109,L,X,Italy
L170Ins,c.508_513dupCTGCTG,L170Ins,p.Leu170 _L171dup,1,1,170,L,ins,Italy
L380X,c.1139delT,L380X,p.Leu380 RfsX54,18,14,380,L,X,Italy
L586M,c.1756C>A,L586M,p.Leu586Met,2,2,586,L,M,Italy
L589P,c.1766T>C,L589P,p.Leu589Pro,1,1,589,L,P,Italy
L693X,c.2077delC,L693X,p.Leu693 CfsX21,3,3,693,L,X,Italy
L776P,c.2327T>C,L776P,p.Leu776Pro,4,4,776,L,P,Italy
L838R,c.2513T>G,L838R,p.Leu838Arg,1,1,838,L,R,Italy
L862P,c.2585T>C,L862P,p.Leu862Pro,1,1,862,L,P,Italy
L987X,c.2959_2960delCT,L987X,p.Leu987 VfsX131,1,0,987,L,X,Italy
N629S,c.1886A>G,N629S,p.Asn629Ser,1,1,629,N,S,Italy
N633S,c.1898A>G,N633S,p.Asn633Ser,2,2,633,N,S,Italy
N861H,c.2581A>C,N861H,p.Asn861His,3,3,861,N,H,Italy
P1030X,c.3088_3097del,P1030X,p.Pro1030 GfsX24,4,2,1030,P,X,Italy
P1034X,c.3093_3106delTCGGCGGCCCCGGG,P1034X,p.Pro1034 GfsX80,2,1,1034,P,X,Italy
P1084L,c.3251C>T,P1084L,p.Pro1084Leu,15,3,1084,P,L,Italy
P347S,c.1039C>T,P347S,p.Pro347Ser,2,0,347,P,S,Italy
P632A,c.1894C>G,P632A,p.Pro632Ala,2,2,632,P,A,Italy
P72R,c.215C>G,P72R,p.Pro72Arg,1,1,72,P,R,Italy
P910L,c.2729C>T,P910L,p.Pro910Leu,1,0,910,P,L,Italy
P917L,c.2750C>T,P917L,p.Pro917Leu,6,1,917,P,L,Italy
P926X,c.2775_2776insG,P926X,p.Pro926 AfsX14,5,5,926,P,X,Italy
P986T,c.2956C>A,P986T,p.Pro986Thr,1,0,986,P,T,Italy
Q1068R,c.3203A>G,Q1068R,p.Gln1068Arg,5,0,1068,Q,R,Italy
Q376R,c.1127A>G,Q376R,p.Gln376Arg,1,0,376,Q,R,Italy
R100P,c.299G>C,R100P,p.Arg100Pro,3,3,100,R,P,Italy
R1014X,c.3040C>T,R1014X,p.Arg1014Xaa,8,6,1014,R,X,Italy
R1032X,c.3093_3117delTCGGCGGCCCCGGGGCGACGTGGAG,R1032X,p.Arg1032 AfsX17,1,0,1032,R,X,Italy
R1032P,c.3095G>C,R1032P,p.Arg1032Pro,5,3,1032,R,P,Italy
R1033X,c.3096_3097insGTCGG,R1033X,p.Arg1033 VfsX26,1,1,1033,R,X,Italy
R1035X,c.3099delG,R1035X,p.Arg1035 GfsX21,5,2,1035,R,X,Italy
R1047C,c.3139C>T,R1047C,p.Arg1047Cys,2,1,1047,R,C,Italy
R148W,c.442C>T,R148W,p.Arg148Trp,7,2,148,R,W,Italy
R176W,c.526C>T,R176W,p.Arg176Trp,21,8,176,R,W,Italy
R273Q,c.818G>A,R273Q,p.Arg273Gln,5,0,273,R,Q,Italy
R366X,c.1096C>T,R366X,p.Arg366Xaa,10,7,366,R,X,Italy
R528W,c.1582C>T,R528W,p.Arg528Trp,3,1,528,R,W,Italy
R534C,c.1600C>T,R534C,p.Arg534Cys,1,1,534,R,C,Italy
R734H,c.2201G>A,R734H,p.Arg734His,3,1,734,R,H,Italy
R73G,c.217C>G,R73G,p.Arg73Gly,2,1,73,R,G,Italy
R744X,c.2230C>T,R744X,p.Arg744Xaa,19,11,744,R,X,Italy
R752W,c.2254C>T,R752W,p.Arg752Trp,3,3,752,R,W,Italy
R77S,c.229C>A,R77S,p.Arg77Ser,1,1,77,R,S,Italy
R791W,c.2371C>T,R791W,p.Arg791Trp,1,0,791,R,W,Italy
R823W,c.2467C>T,R823W,p.Arg823Trp,5,4,823,R,W,Italy
R863X,c.2587C>T,R863X,p.Arg863Xaa,6,5,863,R,X,Italy
R863P,c.2588G>C,R863P,p.Arg863Pro,2,2,863,R,P,Italy
R894X,c.2680insCAGGC,R894X,p.Arg894 PfsX82,1,1,894,R,X,Italy
R922W,c.2764C>T,R922W,p.Arg922Trp,4,1,922,R,W,Italy
S261X,c.780_795delCTCGGGCTCCAGCTGC,S261X,p.Ser261 AfsX94,1,0,261,S,X,Italy
S331N,c.992G>A,S331N,p.Ser331Asn,3,0,331,S,N,Italy
S351L,c.1052C>T,S351L,p.Ser351Leu,1,0,351,S,L,Italy
S428X,c.1283C>A,S428X,p.Ser428Xaa,9,8,428,S,X,Italy
S641F,c.1922C>T,S641F,p.Ser641Phe,1,1,641,S,F,Italy
S660L,c.1979C>T,S660L,p.Ser660Leu,5,2,660,S,L,Italy
S818L,c.2453C>T,S818L,p.Ser818Leu,2,1,818,S,L,Italy
T152X,c.453dupC,T152X,p.Thr152 HfsX180,5,4,152,T,X,Italy
T436M,c.1307C>T,T436M,p.Thr436Met,1,0,436,T,M,Italy
T613M,c.1838C>T,T613M,p.Thr613Met,1,1,613,T,M,Italy
T634I,c.1901C>T,T634I,p.Thr634Ile,3,2,634,T,I,Italy
T875M,c.2624C>T,T875M,p.Thr875Met,8,0,875,T,M,Italy
T875X,c.2616_2625delinsGGGATCCC,T875X,p.Thr875 RfsX44,8,6,875,T,X,Italy
V113Del,c.337_345delGTGCCCGTG,V113Del,p.Val113 _V115del,3,2,113,V,Del,Italy
V194M,c.580G>A,V194M,p.Val194Met,1,0,194,V,M,Italy
V36X,c.106delG,V36X,p.Val36 WfsX24,3,3,36,V,X,Italy
V482A,c.1445T>C,V482A,p.Val482Ala,2,1,482,V,A,Italy
V535M,c.1603G>A,V535M,p.Val535Met,1,1,535,V,M,Italy
V612A,c.1835T>C,V612A,p.Val612Ala,4,4,612,V,A,Italy
V644F,c.1930G>T,V644F,p.Val644Phe,3,3,644,V,F,Italy
V841L,c.2521G>C,V841L,p.Val841Leu,2,2,841,V,L,Italy
V94L,c.280G>C,V94L,p.Val94Leu,1,1,94,V,L,Italy
W1001X,c.3002G>A,W1001X,p.Trp1001Xaa,1,1,1001,W,X,Italy
W410X,c.1229G>A,W410X,p.Trp410Xaa,2,2,410,W,X,Italy
W412X,c.1235G>A,W412X,p.Trp412Xaa,1,1,412,W,X,Italy
W497L,c.1490G>T,W497L,p.Trp497Leu,4,3,497,W,L,Italy
W568C,c.1704G>T,W568C,p.Trp568Cys,2,2,568,W,C,Italy
W927X,c.2780G>A,W927X,p.Trp927Xaa,6,4,927,W,X,Italy
Y43C,c.128A>G,Y43C,p.Tyr43Cys,3,1,43,Y,C,Italy
Y447X,c.1340dupA,Y447X,p.Tyr447Xaa,1,0,447,Y,X,Italy
Y493C,c.1478A>G,Y493C,p.Tyr493Cys,1,1,493,Y,C,Italy
Y493Ins,c.1478_1480dupTAC,Y493Ins,p.Tyr493dup,1,1,493,Y,Ins,Italy
Y54N,c.160T>A,Y54N,p.Tyr54Asn,1,1,54,Y,N,Italy
Y54X,c.160_170delTACTCGCGGGC,Y54X,p.Tyr54 RfsX87,1,1,54,Y,X,Italy
Y99N,c.295T>A,Y99N,p.Tyr99Asn,1,1,99,Y,N,Italy
