var,var_nuc,var_prot,var_prot_3,total_carriers_J,lqt2_J,resnum,nativeAA,mutAA,site
A1061P,c.3181G>C,A1061P,p.Ala1061Pro,3,1,1061,A,P,SUMS
A1144T,c.3430G>A,A1144T,p.Ala1144Thr,2,0,1144,A,T,JAMA
A175X,c.512-524dupTGGCGCTGACGGC,A175X,p.Ala175fsX335,2,1,175,A,X,SUMS
A193X,c.577delG,A193X,p.Ala193fsX200,3,1,193,A,X,SUMS
A282X,c.844-845dupGC,A282X,p.Ala282fsX360,4,4,282,A,X,SUMS
A34X,c.100delG,A34X,p.Ala34fsX59,1,1,34,A,X,JAMA
A382T,c.1144G>A,A382T,p.Ala382Thr,2,1,382,A,T,SUMS
A490T,c.1468G>A,A490T,p.Ala490Thr,1,1,490,A,T,JAMA
A504V,c.1511C>T,A504V,p.Ala504Val,2,1,504,A,V,JAMA
A536X,c.1607_1608delCG,A536X,p.Ala536fsX653,1,1,536,A,X,JAMA
A561T,c.1681G>A,A561T,p.Ala561Thr,7,6,561,A,T,JAMA
A561V,c.1682C>T,A561V,p.Ala561Val,9,7,561,A,V,JAMA
A614T,c.1840G>A,A614T,p.Ala614Thr,3,3,614,A,T,JAMA
A614V,c.1841C>T,A614V,p.Ala614Val,11,10,614,A,V,JAMA
A715A,c.2145G>C,A715A,p.Ala715Ala,2,1,715,A,A,JAMA
A78T,c.232G>A,A78T,p.Ala78Thr,1,1,78,A,T,JAMA
A83P,c.247G>C,A83P,p.Ala83Pro,1,0,83,A,P,Nagasaki
A907X,c.2719_2792del,A907X,p.Ala907fsX949,1,1,907,A,X,JAMA
A915X,c.2733-2737dupCCGGG,A915X,p.Ala915fsX61,2,1,915,A,X,SUMS
c.1557+1G>A,c.1557+1G>A,NA,,1,1,,NA,NA,Nagasaki
c.76+2_3DelTG,c.76+2_3delTG,NA,,1,1,,NA,NA,SUMS
C276X,c.828C>A,C276X,p.Cys276Xaa,2,2,276,C,X,SUMS
C49G,c.145T>G,C49G,p.Cys49Gly,3,3,49,C,G,SUMS
C566F,c.1697G>T,C566F,p.Cys566Gly,1,1,566,C,F,JAMA
C66R,c.196T>C,C66R,p.Cys66Arg,1,1,66,C,R,JAMA
C723X,c.2170-2171insCC,C723X,,3,1,724,L,X,SUMS
C750X,c.2250C>A,C750X,p.Cys750Xaa,1,1,750,C,X,JAMA
C977S,c.2930G>C,C977S,p.Cys977Ser,3,2,977,C,S,JAMA
C977Y,c.2930G>A,C977Y,p.Cys977Tyr,1,0,977,C,Y,JAMA
D111V,c.332A>T,D111V,p.Asp111Val,3,1,111,D,V,JAMA
D197Y,c.589G>T,D197Y,p.Asp197Tyr,4,3,197,D,Y,JAMA
D286X,c.855_856insCGGCC,D286X,p.Asp286fsX53,1,1,286,D,X,Nagasaki
D287-305Del,c.860-IVS4+6del,D287-305Del,,2,1,287,NA,del,SUMS
D342V,c.1025A>T,D342V,p.Asp342Val,1,0,342,D,V,JAMA
D466E,,D466E,p.Asp466Glu,2,1,466,D,E,SUMS
D501N,c.1501G>A,D501N,p.Asp501Asn,1,1,501,D,N,JAMA
D712N,c.2134G>A,D712N,,1,1,712,D,N,SUMS
D774X,c.2320del,D774X,p.Asp774fsX35,1,1,774,D,X,Nagasaki
D837N,c.2509G>A,D837N,p.Asp837Asn,3,0,837,D,N,JAMA
D864G,c.2591A>G,D864G,p.Asp864Gly,1,0,864,D,G,JAMA
D896X,del2690AinsCGACAC,D896X,,2,1,,NA,NA,SUMS
E1039X,c.3115G>T,E1039X,p.Glu1039Xaa,8,1,1039,E,X,JAMA
E118X,c.351-352dupCG,E118X,p.Glu118fsX133,2,1,118,E,X,SUMS
E130K,c388G>A,E130K,p.Glu130Lys,1,0,130,E,K,JAMA
E208X,c.621-622dupCG,E208X,,2,1,208,E,X,SUMS
E289K,c.865G>A,E289K,,2,1,289,E,K,SUMS
E50X,c.148delG,E50X,p.Glu50fsX59,1,0,50,E,X,JAMA
E58K,c.172G>A,E58K,p.Glu58Lys,6,3,58,E,K,JAMA
E637K,c.1909G>A,E637K,,2,2,637,E,K,SUMS
E637X,c.1911-1912delGA,E637X,p.Glu637fsX653,3,2,637,E,X,SUMS
E904X,c.2710-2732delGAGGTGTCGGCCTTGGGGCCGGG,E904X,p.Glu904fsX911,1,1,904,E,X,SUMS
E978X,c.2932G>T,E978X,p.Glu978Xaa,2,2,978,E,X,SUMS
F106L,c.318C>A,F106L,p.Phe106Leu,1,1,106,F,L,JAMA
F106V,c.316T>G,F106V,p.Phe106Val,2,2,106,F,V,JAMA
F22Y,c.65T>A,F22Y,p.Phe22Tyr,2,2,22,F,Y,JAMA
F431L,c.1293C>G,F431L,p.Phe431Leu,2,2,431,F,L,SUMS
F471X,c.1413delC,F471X,p.Phe471fsX520,1,1,471,F,X,JAMA
F617L,c.1849T>C,F617L,p.Phe617Leu,3,3,617,F,L,JAMA
F627X,c.1832_1945delATGTGACGGCGCTCTACTTCACCTTCAGCAGCCTCACCAGTGTGGGCTTCGGCAACGTCTCTCCCAACACCAACTCAGAGAAGATCTTCTCCATCTGCGTCATGCTCATTGGCTgtgagtgtgcccaggggcgggcggcggggagagcccacggtggaggaacccaagt,F627X,p.Phe627Xaa,2,2,627,F,X,JAMA
F640Del,c.1989-1991delTTC　,F640Del,p.Phe640del,1,1,640,F,Del,JAMA
F68L,c.204C>A,F68L,p.Phe68Leu,4,4,68,F,L,SUMS
F68V,c.202T>G,F68V,,2,1,68,F,V,SUMS
G1031X,c.3092del,G1031X,p.Gly1031fsX26,6,4,1031,G,X,Nagasaki
G187Del,c.560-568delGCGCGGGCG,G187Del,p.Gly187_A190del,3,1,187,G,Del,JAMA
G47C,c.139G>T,G47C,p.Gly47Cys,1,1,47,G,C,JAMA
G487S,c.1459G>A,G487S,,1,0,487,G,S,SUMS
G53S,c.157G>A,G53S,p.Gly53Ser,6,4,53,G,S,JAMA
G572C,c.1714G>T,G572C,p.Gly572Cys,1,1,572,G,C,JAMA
G572D,c.1715G>A,G572D,p.Gly572Asp,3,2,572,G,D,JAMA
G572S,c.1714G>A,G572S,p.Gly572Ser,12,11,572,G,S,JAMA
G584C,c.1750G>T,G584C,p.Gly584Cys,4,4,584,G,C,JAMA
G590D,c.1769G>A,G590D,p.Gly590Asp,1,1,590,G,D,JAMA
G590V,c.1769G>T,G590V,p.Gly590Val,3,0,590,G,V,JAMA
G601S,c.1801G>A,G601S,p.Gly601Ser,6,4,601,G,S,JAMA
G603D,c.1808G>A,G603D,p.Gly603Asp,3,2,603,G,D,JAMA
G604D,c.1811G>A,G604D,p.Gly604Asp,1,1,604,G,D,JAMA
G604S,c.1810G>A,G604S,p.Gly604Ser,6,4,604,G,S,JAMA
G628S,c.1882G>A,G628S,p.Gly628Ser,5,4,628,G,S,JAMA
G628V,c.1883G>T,G628V,p.Gly628Val,2,2,628,G,V,SUMS
G657S,c.1969G>A,G657S,p.Gly657Ser,1,0,657,G,S,JAMA
G657V,c.1970G>T,G657V,p.Gly657Val,1,1,657,G,V,JAMA
G71R,c.211G>A,G71R,p.Gly71Arg,5,4,71,G,R,JAMA
G745X,c.2235-2245del+insTTT,G745X,p.Gly745fsX800,1,1,745,G,X,JAMA
G785D,c.2354G>A,G785D,p.Gly785Asp,4,3,785,G,D,JAMA
G785S,c.2353G>A,G785S,p.Gly785Ser,2,1,785,G,S,SUMS
G873X,,G873X,p.Gly873fsX919,4,2,873,G,X,SUMS
G909X,c.2728-2729insGGGGC,G909X,p.Gly909fsX975,1,1,909,G,X,JAMA
G911X,c.2732_2766delGCCGGGCGGGGGCAGGGCCGAGTAGCCGGGGCCGG,G911X,p.Gly911fsX927,4,4,911,G,X,JAMA
G924X,c.2774-2775delGG/insT,G924X,p.Gly924+49X,3,2,924,G,X,SUMS
G925X,c.2775delG,G925X,p.Gly925fsX973,1,1,925,G,X,SUMS
G964X,c.2892-2893insC,G964X,p.Gly964fsX1118,2,0,965,G,X,JAMA
G965X,c.2892-2893insC,G965X,p.Gly965fsX1118,2,1,965,G,X,SUMS
H254X,c.760-775delCACAGCCTCAACCCCG,H254X,p.His254fsX354,2,2,254,H,X,JAMA
H302H,c.906C>T,H302H,,1,0,302,H,H,SUMS
H302X,,H302X,p.His302fsX339,2,1,302,H,X,JAMA
H402R,c.1205A>G,H402R,p.His402Arg,3,3,402,H,R,JAMA
H485X,c.1454-1455insACGAGGAGGTGGTCAGCCA,H485X,p.His485fsX524,3,3,485,H,X,JAMA
H492Y,c.1474C>T,H492Y,p.His492Tyr,19,6,492,H,Y,JAMA
H562Q,c.1686C>G,H562Q,p.His562Gln,2,0,562,H,Q,JAMA
H562R,c.1685A>G,H562R,p.His562Arg,4,4,562,H,R,JAMA
H70Q,c.210C>G,H70Q,p.His70Gln,3,1,70,H,Q,SUMS
H731R,c.2192A>G,H731R,p.His731Arg,1,1,731,H,R,JAMA
I363X,c.del1091-1103AGGAGCGAACCCAins1091-1132TGTCTTGAGTCTATGTCATTGTCATAGCTTGAGACATTGTCATAGCACCTAAGA,I363X,p.Ile363+3X(363+MSX)NMD(-),4,3,363,I,X,JAMA
I489F,c.1465A>T,I489F,p.Ile489Phe,1,1,489,I,F,JAMA
I489I,c.1467C>T,I489I,p.Ile489Ile,1,1,489,I,I,SUMS
I593V,c.1777A>G,I593V,p.Ile593Val,3,2,593,I,V,Nagasaki
I639N,c.1916T>A,I639N,p.Ile639Asn,2,1,639,I,N,JAMA
I96V,c.286A>G,I96V,p.Ile96Val,2,1,96,I,V,SUMS
I997X,c.2993delT,I997X,p.Ile997fs59X,4,4,997,I,X,JAMA
IVS11+1g/t,IVS11+1g/t,NA,,3,3,,NA,NA,JAMA
IVS11-2A>T,IVS11-2A>T,NA,,2,1,,NA,NA,SUMS
IVS12+1_IVS12+10DelGTATCCCGGG,IVS12+1_IVS12+10delGTATCCCGGG,NA,,1,0,,NA,NA,SUMS
IVS12-2a/t,IVS12-2a/t,NA,,2,2,,NA,NA,JAMA
IVS6+2t,IVS6+2t,NA,,1,1,,NA,NA,JAMA
IVS8+1G>T,IVS8+1G>T,NA,,3,3,,NA,NA,SUMS
IVS9+1G>A,IVS9+1G>A,NA,,5,4,,NA,NA,SUMS
IVS9+2T>G,IVS9+2T>G,NA,,1,1,,NA,NA,SUMS
K364X,c.1091-1102del12bpins53bp,K364X,p.Lys364fsX366,2,1,364,K,X,JAMA
K495X,c.1483_1484delAA,K495X,p.Lys495fsX517,2,2,495,K,X,JAMA
K595E,c.1783A>G,K595E,p.Lys595Glu,4,2,595,K,E,JAMA
K595N,c.1785A>T,K595N,p.Lys595Asn,2,2,595,K,N,JAMA
K638Del,c.1913-1915delAGA,K638Del,p.Lys638del,9,7,638,K,Del,JAMA
K897X,c.2690delAinsCGACAC,K897X,p.Lys897Xaa,1,1,897,K,X,SUMS
L1064X,c.3190-3199delCTGCAGCTGC,L1064X,p.Leu1064fsX1068,4,1,1064,L,X,JAMA
L324L,c.972C>T,L324L,p.Leu324Leu,1,1,324,L,L,SUMS
L468R,c.1403T>G,L468R,p.Leu468Arg,1,1,468,L,R,JAMA
L468X,c.1403insC,L468X,p.Leu468fsX518,2,1,468,L,X,JAMA
L559F,c.1675C>T,L559F,,1,1,559,L,F,SUMS
L564L,c.1692A>G,L564L,p.Leu564Leu,1,1,564,L,L,SUMS
L615F,c.1843C>T,L615F,p.Leu615Phe,3,1,615,L,F,JAMA
L622F,c.1864C>T,L622F,p.Leu622Phe,2,1,622,L,F,SUMS
L650X,c.1951-1952delA>T,L650X,p.Leu650+3X,2,2,650,L,X,SUMS
L697X,c.2090delT,L697X,p.Leu697fsX713,1,1,697,L,X,JAMA
L69Del,c.205-237delCTGCACGGGCCGCGCACGCAGCGCCGCGCTGCC,L69Del,p.Leu69_79delLHGPRTQRRAA,4,2,69,L,Del,SUMS
L717P,c.2150T>C,L717P,p.Leu717Pro,1,1,717,L,P,SUMS
L724X,c.2170_2171insCC,L724X,p.Leu724fsX733,2,1,724,L,X,JAMA
L737P,c.2210T>C,L737P,p.Leu737Pro,2,1,737,L,P,JAMA
L973X,c.2918delT,L973X,p.Leu973fsX1056,2,1,973,L,X,JAMA
L987X,c.2959_2960delCT,L987X,p.Leu987fsX1117,4,3,987,L,X,JAMA
M308V,c.922A>G,M308V,,2,0,308,M,V,SUMS
M574V,c.1720A>G,M574V,p.Met574Val,6,3,574,M,V,JAMA
M579T,c.1736T>C,M579T,p.Met579Thr,8,4,579,M,T,JAMA
M60T,c.179T>C,M60T,p.Met60Thr,1,1,60,M,T,JAMA
M645I,c.1935G>A,M645I,p.Met645Ile,1,1,645,M,I,JAMA
M645V,c.1933A>G,M645V,p.Met645Val,2,2,645,M,V,Nagasaki
M651K,c.1952T>A,M651K,p.Met651Lys,1,1,651,M,K,JAMA
M756V,c.2266C>G,M756V,p.Met756Val,1,0,756,M,V,JAMA
N146X,c.437delA,N146X,p.Asn146fsX165,1,1,146,N,X,JAMA
N629K,c.1887C>A,N629K,p.Asn629Lys,1,1,629,N,K,JAMA
N629S,c.1886A>G,N629S,p.Asn629Ser,4,4,629,N,S,JAMA
N629T,c.1886A>C,N629T,p.Asn629Thr,1,1,629,N,T,SUMS
N633I,c.1898A>T,N633I,p.Asn633Ile,2,2,633,N,I,SUMS
N633S,c.1898A>G,N633S,p.Asn633Ser,2,2,633,N,S,JAMA
N866X,c.2596-2605delAACATGATCC,N866X,p.Asn866fsX874,1,1,866,N,X,SUMS
N985X,c.2954-2955insA,N985X,p.Asn985fsX1118,2,2,985,N,X,SUMS
N996X,c.2985_2986insC,N996X,p.Asn996fsX122,1,1,996,N,X,Nagasaki
P1030X,c.3090-3102delGGGTCGGCGGCCC,P1030X,p.Pro1030fsx1052,3,3,1030,P,X,JAMA
P1084X,c.3252-3262delGGGGCCTGGCC,P1084X,p.Pro1084fsX1114,2,1,1084,P,X,JAMA
P1093L,c.3278C>T,P1093L,p.Pro1093Leu,3,0,1093,P,L,JAMA
P1125X,c.3376-3377insG,P1125X,p.Pro1125fs+144X,2,2,1125,P,X,SUMS
P114S,c.340C>T,P114S,p.Pro114Ser,9,6,114,P,S,JAMA
P151X,c.453-454insC,P151X,p.Pro151fsX330,1,1,151,P,X,JAMA
P310X,c.929-930insC,P310X,p.Pro310fsX331,1,1,310,P,X,JAMA
P334L,c.1001C>T,P334L,p.Pro334Leu,2,2,334,P,L,JAMA
P347S,c.1039C>T,P347S,p.Pro347Ser,1,1,347,P,S,SUMS
P426H,c.1277C>A,P426H,p.Pro426His,3,2,426,P,H,JAMA
P507L,c.1520C>T,P507L,p.Pro507Leu,1,1,507,P,L,JAMA
P605L,c.1814C>T,P605L,p.Pro605Leu,1,1,605,P,L,JAMA
P632S,c.1894C>T,P632S,p.Pro632Ser,1,1,632,P,S,JAMA
P72Q,c.215C>A,P72Q,p.Pro72Gln,2,1,72,P,Q,JAMA
P72S,c.214C>T,P72S,p.Pro72Ser,1,1,72,P,S,Nagasaki
P846T,c.2536C>A,P846T,p.Pro846Thr,1,1,846,P,T,JAMA
P872L,c.2615C>T,P872L,,1,0,872,P,L,SUMS
P923L,c.2768C>T,P923L,p.Pro923Leu,5,2,923,P,L,JAMA
P926X,c.2775-2776insG,P926X,p.Pro926fsX939,2,2,926,P,X,SUMS
P946R,c.2837C>T,P946R,p.Pro946Arg,1,1,946,P,R,Nagasaki
P961X,c.2882_2903del,P961X,p.Pro961fsX5,1,1,961,P,X,Nagasaki
P967X,c.2901-2902insAGCCG,P967X,p.Pro967fsX975,1,0,967,P,X,JAMA
P972S,c.2914C>T,P972S,,1,0,972,P,S,SUMS
Q335X,c.1003C>T,Q335X,p.Gln335Xaa,3,1,335,Q,X,JAMA
Q391X,,Q391X,p.Gln391Xaa,5,3,391,Q,X,JAMA
Q592X,c.1775delA,Q592X,p.Gln592fsX593,6,2,592,Q,X,JAMA
Q664X,c.1990C>T,Q664X,p.Gln664Xaa,1,1,664,Q,X,Nagasaki
Q676X,c.2062C>T,Q676X,p.Gln676Xaa,3,2,676,Q,X,JAMA
Q738X,c.2212C>T　　,Q738X,p.Gln738Xaa,4,4,738,Q,X,JAMA
Q81H,c.243G>C,Q81H,p.Gln81His,1,1,81,Q,H,SUMS
Q81P,c.242A>C,Q81P,p.Gln81Pro,2,2,81,Q,P,SUMS
I82Ins,c.252Ins,I82Ins,p.Ile82Ins,1,1,82,I,Ins,JAMA
I82Del,c.244-252del,I82Del,p.Ile82_84Del_IAQ,1,0,82,I,Del,Nagasaki
R100G,c.298C>G,R100G,p.Arg100Gly,1,1,100,R,G,Nagasaki
R1014X,c.3040C>T,R1014X,p.Arg1014Xaa,6,6,1014,R,X,JAMA
R1032X,c.3096_3109del,R1032X,p.Arg1032fsX80,7,3,1032,R,X,Nagasaki
R1035X,c.3103-3122delCGGGGCGACGTGGAGAGCAG/insTCCA,R1035X,p.Arg1035fsX1051,14,9,1035,R,X,SUMS
R1047H,c.3140G>A,R1047H,,2,0,1047,R,H,SUMS
R1135H,c.3404G>A,R1135H,,3,1,1135,R,H,SUMS
R148W,c.442C>T,R148W,,3,0,148,R,W,SUMS
R15W,c.43C>T,R15W,p.Arg15Trp,1,1,15,R,W,SUMS
R164C,c.490C>T,R164C,,1,0,164,R,C,SUMS
R176W,c.526C>T,R176W,p.Arg176Trp,1,1,176,R,W,Nagasaki
R176X,,R176X,p.Arg176fsX331,4,2,176,R,X,SUMS
R20G,c.58C>G,R20G,p.Arg20Gly,1,1,20,R,G,JAMA
R20L,c.59G>T,R20L,p.Arg20Leu,3,1,20,R,L,JAMA
R242X,c.721_722insC,R242X,p.Arg242fsX89,5,3,242,R,X,Nagasaki
R27P,c.80G>C,R27P,p.Arg27Pro,1,1,27,R,P,JAMA
R312C,c.934C>T,R312C,p.Arg312Cys,3,2,312,R,C,JAMA
R312Del,c.del1000-1020,R312Del,p.Arg312_S318Del,2,1,312,R,Del,JAMA
R328C,,R328C,p.Arg328Cys,1,1,328,R,C,SUMS
R366X,c.1096G>T,R366X,p.Arg366Xaa,2,1,366,R,X,Nagasaki
R397X,c.1190_1191del,R397X,p.Arg397fsX121,9,3,397,R,X,Nagasaki
R472X,c.1414delC,R472X,p.Arg472fsX520,2,2,472,R,X,SUMS
R528W,c.1582C>T,R528W,p.Arg528Trp,1,1,528,R,W,JAMA
R534C,c.1600C>T,R534C,p.Arg534Cys,9,7,534,R,C,JAMA
R582C,c.1744C>T,R582C,p.Arg582Cys,7,5,582,R,C,JAMA
R582L,c.1745G>T,R582L,p.Arg582Leu,2,2,582,R,L,JAMA
R685P,c.2054-2055GC>CT,R685P,p.Arg685Pro,1,1,685,R,P,JAMA
R744X,c.2230C>T,R744X,p.Arg744Xaa,6,4,744,R,X,JAMA
R752W,c.2254C>T,R752W,p.Arg752Trp,2,0,752,R,W,JAMA
R823W,c.2467C>T,R823W,p.Arg823Trp,6,6,823,R,W,JAMA
R863X,2587C>T,R863X,p.Arg863Xaa,7,5,863,R,X,JAMA
R883W,c.2647C>T,R883W,,1,0,883,R,W,SUMS
R894X,c.2680-2681insAGGC,R894X,p.Arg894fsX920,3,0,894,R,X,JAMA
R912X,exon12c.2734-2738delCGGGC,R912X,p.Arg912fsX917,6,4,912,R,X,JAMA
R920W,c.2758C>T,R920W,,1,1,920,R,W,SUMS
R948H,c.2843G>A,R948H,,6,1,948,R,H,SUMS
T983X,c.2948-2974del,R983X,p.Thr983fsX1112,1,0,983,T,X,Nagasaki
S239X,c.715-719delTCTCC,S239X,p.Ser239fsX329,14,6,239,S,X,JAMA
S243X,c.730_742delGCGCCCGGCCAGC,S243X,p.Ser243fsX355,1,0,243,S,X,JAMA
S320L,c.959C>T,S320L,p.Ser320Leu,1,0,320,S,L,JAMA
S428L,c.1283C>T,S428L,p.Ser428Leu,1,0,428,S,L,JAMA
S55L,c.164C>T,S55L,p.Ser55Leu,3,3,55,S,L,JAMA
S606P,c.1816T>C,S606P,p.Ser606Pro,4,4,606,S,P,JAMA
S631F,c.1892C>T,S631F,p.Ser631Phe,1,1,631,S,F,JAMA
S641F,c.1922C>T,S641F,p.Ser641Phe,3,2,641,S,F,JAMA
S641P,c.1921T>C,S641P,p.Ser641Pro,1,1,641,S,P,Nagasaki
S706F,c.2117C>T,S706F,p.Ser706Phe,1,0,706,S,F,JAMA
S818L,c.2453C>T,S818L,p.Ser818Leu,7,7,818,S,L,JAMA
S871X,c.2613-2669del/insACGCCTG,S871X,p.Ser871fs31X,2,2,871,S,X,JAMA
S967X,c.2901-2902insAGCCG,S967X,p.Ser967fsX975,1,1,967,P,X,JAMA
T152I,c.455C>T,T152I,p.Thr152Ile,1,0,152,T,I,SUMS
T152X,c.453delC,T152X,p.Thr152fsX165,5,4,152,T,X,JAMA
T162X,c.486-487delCT,T162X,p.Thr162fsX330,2,2,162,T,X,JAMA
T319T,c.957C>T,T319T,p.Thr319Thr,2,2,319,T,T,SUMS
T474I,c.1421C>T,T474I,p.Thr474Ile,4,3,474,T,I,JAMA
T613M,c.1838C>T,T613M,p.Thr613Met,10,9,613,T,M,JAMA
T618S,c.1853C>G,T618S,p.Thr618Ser,6,3,618,T,S,JAMA
T623I,c.1868C>T,T623I,p.Thr623Ile,2,2,623,T,I,JAMA
T634S,c.1900A>T,T634S,p.Thr634Ser,1,1,634,T,S,JAMA
T65P,c.193A>C,T65P,p.Thr65Pro,6,4,65,T,P,JAMA
T826A,c.2476A>G,T826A,p.Thr826Ala,1,0,826,T,A,JAMA
T826I,c.2477C>T,T826I,p.Thr826Ile,4,3,826,T,I,JAMA
T875X,c.2620-2624dupAGTAC,T875X,p.Thr875fsX879,2,1,875,T,X,SUMS
T895M,c.2684C>T,T895M,p.Thr895Met,7,2,895,T,M,JAMA
T899X,c.2696delC,T899X,p.Thr899fsX973,2,2,899,T,X,SUMS
V110A,c.329T>C,V110A,,1,1,110,V,A,SUMS
V115M,c.343G>A,V115M,p.Val115Met,2,0,115,V,M,JAMA
V41A,c.122T>C,V41A,p.Val41Ala,1,0,41,V,A,JAMA
V644F,c.1930G>T,V644F,p.Val644Phe,6,6,644,V,F,JAMA
V796Del,c.2385-2387delCGT,V796Del,p.Val796del,1,1,796,V,Del,JAMA
V905M,c.2713G>A,V905M,,1,0,905,V,M,SUMS
V94A,c.281T>C,V94A,p.Val94Ala,1,1,94,V,A,SUMS
W1001X,c.3002delG,W1001X,p.Trp1001Xaa,6,4,1001,W,X,JAMA
W398X,c.1193G>A,W398X,p.Trp398Xaa,3,2,398,W,X,JAMA
W497X,c.1491G>A,W497X,p.Trp497Xaa,3,2,497,W,X,JAMA
W563C,c.1689G>T,W563C,p.Trp563Cys,3,3,563,W,C,JAMA
W563G,c.1687T>G,W563G,p.Trp563Gly,2,2,563,W,G,JAMA
W853X,c.2559delG,W853X,p.Trp853Xaa,2,1,853,W,X,JAMA
W927G,c.2779T>G,W927G,,2,0,927,W,G,SUMS
W927X,c.2780G>A,W927X,p.Trp927Xaa,1,1,927,W,X,JAMA
Y1009X,c.3027C>G,Y1009X,p.Tyr1009Xaa,1,1,1009,Y,X,JAMA
Y427C,c.1280A>G,Y427C,p.Tyr427Cys,2,0,427,Y,C,JAMA
Y427S,c.1280A>C,Y427S,,2,1,427,Y,S,SUMS
Y43D,c.127T>G,Y43D,p.Tyr43Asp,3,2,43,Y,D,JAMA
Y493C,c.1478A>G,Y493C,p.Tyr493Cys,2,2,493,Y,C,JAMA
Y569X,c.1706_1707del,Y569X,p.Tyr569fsX84,2,2,569,Y,X,Nagasaki
Y597C,c.1790A>G,Y597C,p.Tyr597Cys,3,3,597,Y,C,JAMA
Y611D,c.1831T>G,Y611D,p.Tyr611Asp,1,1,611,Y,D,JAMA
Y616S,c.1847A>C,Y616S,p.Tyr616Ser,3,3,616,Y,S,JAMA
